{
  "Workflows": [
    {
      "Path": null,
      "SortBy": 0,
      "VariablesSectionElementsOrder": [],
      "ArgumentsSectionElementsOrder": null,
      "ConstantsSectionElementsOrder": [],
      "AddedNamespaces": null
    },
    {
      "Path": "Main.xaml",
      "SortBy": 0,
      "VariablesSectionElementsOrder": [
        "TransactionItem&StateMachine_1",
        "SystemException&StateMachine_1",
        "BusinessException&StateMachine_1",
        "TransactionNumber&StateMachine_1",
        "Config&StateMachine_1",
        "RetryNumber&StateMachine_1",
        "TransactionField2&StateMachine_1",
        "TransactionField1&StateMachine_1",
        "TransactionID&StateMachine_1",
        "dt_TransactionData&StateMachine_1",
        "ConsecutiveSystemExceptions&StateMachine_1",
        "ShouldStop&Sequence_25"
      ],
      "ArgumentsSectionElementsOrder": [
        "in_OrchestratorQueueName",
        "in_OrchestratorQueueFolder"
      ],
      "ConstantsSectionElementsOrder": [],
      "AddedNamespaces": null
    },
    {
      "Path": "Framework/Process.xaml",
      "SortBy": 0,
      "VariablesSectionElementsOrder": [
        "out_recebe_noticia&Sequence_1",
        "out_categoria_noticia&Sequence_1",
        "out_frase_pesquisa&Sequence_1"
      ],
      "ArgumentsSectionElementsOrder": [
        "in_TransactionItem",
        "in_Config"
      ],
      "ConstantsSectionElementsOrder": [],
      "AddedNamespaces": null
    },
    {
      "Path": "Workflow/consulta_noticias.xaml",
      "SortBy": 0,
      "VariablesSectionElementsOrder": [
        "quantidade_Descricao&Sequence_29",
        "quantidade_Titulo&Sequence_29",
        "data_ajustada&Sequence_29",
        "img_Baixada&Sequence_33",
        "imagem&Sequence_29",
        "split_Descricao&Sequence_29",
        "split_Titulo&Sequence_29",
        "possui_Valor&Sequence_29",
        "link_Pesquisa&Flowchart_1",
        "url_Site&Flowchart_1",
        "possui_valor_titulo&Sequence_29",
        "possui_valor_descricao&Sequence_29",
        "dt_Final&Flowchart_1",
        "dt_Dados&Flowchart_1",
        "queueItensError&Flowchart_1"
      ],
      "ArgumentsSectionElementsOrder": [
        "in_categoria_noticia",
        "in_recebe_noticia",
        "in_frase_pesquisa"
      ],
      "ConstantsSectionElementsOrder": [],
      "AddedNamespaces": null
    },
    {
      "Path": "Framework/InitAllApplications.xaml",
      "SortBy": 0,
      "VariablesSectionElementsOrder": [],
      "ArgumentsSectionElementsOrder": [
        "in_Config"
      ],
      "ConstantsSectionElementsOrder": [],
      "AddedNamespaces": null
    },
    {
      "Path": "Framework/KillAllProcesses.xaml",
      "SortBy": 0,
      "VariablesSectionElementsOrder": [],
      "ArgumentsSectionElementsOrder": [],
      "ConstantsSectionElementsOrder": [],
      "AddedNamespaces": null
    },
    {
      "Path": "Workflow/extrai_dados.xaml",
      "SortBy": 0,
      "VariablesSectionElementsOrder": [
        "dt_Dados&Flowchart_1"
      ],
      "ArgumentsSectionElementsOrder": [
        "out_dt_extraido",
        "in_categoria_noticia"
      ],
      "ConstantsSectionElementsOrder": [],
      "AddedNamespaces": null
    },
    {
      "Path": "Framework/InitAllSettings.xaml",
      "SortBy": 0,
      "VariablesSectionElementsOrder": [
        "dt_SettingsAndConstants&Sequence_5",
        "dt_Assets&Sequence_6",
        "AssetValue&Sequence_11"
      ],
      "ArgumentsSectionElementsOrder": [
        "in_ConfigFile",
        "in_ConfigSheets",
        "out_Config"
      ],
      "ConstantsSectionElementsOrder": [],
      "AddedNamespaces": null
    },
    {
      "Path": "Framework/GetTransactionData.xaml",
      "SortBy": 0,
      "VariablesSectionElementsOrder": [],
      "ArgumentsSectionElementsOrder": [
        "in_TransactionNumber",
        "in_Config",
        "out_TransactionItem",
        "out_TransactionField1",
        "out_TransactionField2",
        "out_TransactionID",
        "io_dt_TransactionData"
      ],
      "ConstantsSectionElementsOrder": [],
      "AddedNamespaces": null
    }
  ]
}